{"stats":{"minecraft:used":{"minecraft:torch":7,"minecraft:netherite_sword":26,"minecraft:dirt":30,"minecraft:sand":19,"minecraft:diamond_shovel":220},"minecraft:picked_up":{"minecraft:feather":3,"minecraft:chicken":2,"minecraft:rotten_flesh":2,"minecraft:leather":8,"minecraft:wheat_seeds":1,"minecraft:beef":14,"minecraft:sand":4,"minecraft:gray_wool":1,"minecraft:mutton":5,"minecraft:dirt":149,"minecraft:white_wool":3},"minecraft:killed":{"minecraft:sheep":4,"minecraft:zombie":3,"minecraft:chicken":2,"minecraft:cow":8},"minecraft:custom":{"minecraft:time_since_rest":6821,"minecraft:damage_taken":40,"minecraft:play_one_minute":6821,"minecraft:crouch_one_cm":1483,"minecraft:sprint_one_cm":12206,"minecraft:walk_one_cm":19579,"minecraft:sneak_time":305,"minecraft:mob_kills":17,"minecraft:jump":125,"minecraft:damage_dealt":1812,"minecraft:leave_game":3,"minecraft:time_since_death":6821,"minecraft:fall_one_cm":1346,"minecraft:fly_one_cm":49634},"minecraft:mined":{"minecraft:grass":8,"minecraft:grass_block":90,"minecraft:dirt":125}},"DataVersion":2586}